timestamp,url,text_preview,internal_links_count,full_text_length
2025-11-16 16:59:14,https://www.judyrecords.com/record/dj5gtz1ge359d,"judyrecords
Search
search tips
760 million+
United States Court Cases
home terms info API
Maryland Court Record
CIRCUIT COURT OF MARYLAND
CASE INFORMATION
COURT SYSTEM:	CIRCUIT COURT FOR MONTGOMERY COUNTY - DOMESTIC SYSTEM
CASE NUMBER:	82697E SUB TYPE: DOMESTIC FAMILY
DATE FILED:	01/20/1983
CASE STATUS:	CLOSED
PLAINTIFF INFORMATION
(EACH ALIAS, ADDRESS, AND ATTORNEY FOR THE PLAINTIFF IS DISPLAYED)
NAME:	WASSON, LORETTA F
ADDRESS:	19669 CRYSTAL ROCK DR
	GERMANTOWN MD 20874
?
ATTORNEY(S) FOR THE PLAINTIFF
NAME:	DIETZ, STANLEY M
ADDRESS:	PO BOX 78
	POOLESVILLE MD 20837
PHONE:	301-869-3130
?
DEFENDANT INFORMATION
(EACH ALIAS, ADDRESS, AND ATTORNEY FOR THE DEFENDANT IS DISPLAYED)
NAME:	WASSON, KENNETH E
ADDRESS:	12065 GREYWING SQ B1
	RESTON VA 22091
ISSUES INFORMATION
ISSUE:	DIVORCE ABSOLUTE
ISSUE:	DIVORCE ABSOLUTE
ISSUE:	DIVORCE ABSOLUTE
ISSUE:	DIVORCE ABSOLUTE
ISSUE:	DIVORCE ABSOLUTE
ISSUE:	DIVORCE ABSOLUTE
ISSUE:	DIVORCE ABSOLUTE
ISSUE:	DIVORCE ABSOLUTE
ISSUE:	DIVORCE ABSOLUTE
ISSUE:	DIVORCE ABSOLUTE
ISSUE:	DIVORCE ABSOLUTE
ISSUE:	DIVORCE ABSOLUTE
ISSUE:	DIVORCE ABSOLUTE
ISSUE:	DIVORCE ABSOLUTE
ISSUE:	DIVORCE ABSOLUTE
ISSUE:	DIVORCE ABSOLUTE
ISSUE:	DIVORCE ABSOLUTE
ISSUE:	DIVORCE ABSOLUTE
ISSUE:	DIVORCE ABSOLUTE
ISSUE:	DIVORCE ABSOLUTE
ISSUE:	DIVORCE ABSOLUTE
ISSUE:	DIVORCE ABSOLUTE
ISSUE:	DIVORCE ABSOLUTE
ISSUE:	DIVORCE ABSOLUTE
ISSUE:	DIVORCE ABSOLUTE
ISSUE:	DIVORCE ABSOLUTE
ISSUE:	DIVORCE ABSOLUTE
ISSUE:	DIVORCE ABSOLUTE
ISSUE:	DIVORCE ABSOLUTE
ISSUE:	DIVORCE ABSOLUTE
ISSUE:	DIVORCE ABSOLUTE
ISSUE:	DIVORCE ABSOLUTE
ISSUE:	DIVORCE ABSOLUTE
ISSUE:	DIVORCE ABSOLUTE
ISSUE:	DIVORCE ABSOLUTE
ISSUE:	DIVORCE ABSOLUTE
ISSUE:	DIVORCE ABSOLUTE
ISSUE:	DIVORCE ABSOLUTE
ISSUE:	DIVORCE ABSOLUTE
ISSUE:	DIVORCE ABSOLUTE
ISSUE:	DIVORCE ABSOLUTE
ISSUE:	DIVORCE ABSOLUTE
ISSUE:	DIVORCE ABSOLUTE
ISSUE:	DIVORCE ABSOLUTE
ISSUE:	DIVORCE ABSOLUTE
ISSUE:	DIVORCE ABSOLUTE
ISSUE:	DIVORCE ABSOLUTE
ISSUE:	DIVORCE ABSOLUTE
ISSUE:	DIVORCE ABSOLUTE
ISSUE:	DIVORCE ABSOLUTE
ISSUE:	DIVORCE ABSOLUTE
ISSUE:	DIVORCE ABSOLUTE
ISSUE:	DIVORCE ABSOLUTE
ISSUE:	DIVORCE ABSOLUTE
ISSUE:	DIVORCE ABSOLUTE
ISSUE:	DIVORCE ABSOLUTE
ISSUE:	DIVORCE ABSOLUTE
ISSUE:	DIVORCE ABSOLUTE
ISSUE:	DIVORCE ABSOLUTE
ISSUE:	DIVORCE ABSOLUTE
ISSUE:	DIVORCE ABSOLUTE
ISSUE:	DIVORCE ABSOLUTE
ISSUE:	DIVORCE ABSOLUTE
ISSUE:	DIVORCE ABSOLUTE
ISSUE:	DIVORCE ABSOLUTE
ISSUE:	DIVORCE ABSOLUTE
ISSUE:	DIVORCE ABSOLUTE
ISSUE:	DIVORCE ABSOLUTE
ISSUE:	DIVORCE ABSOLUTE
ISSUE:	DIVORCE ABSOLUTE
ISSUE:	DIVORCE ABSOLUTE
ISSUE:	DIVORCE ABSOLUTE
ISSUE:	DIVORCE ABSOLUTE
ISSUE:	DIVORCE ABSOLUTE
ISSUE:	DIVORCE ABSOLUTE
ISSUE:	DIVORCE ABSOLUTE
ISSUE:	DIVORCE ABSOLUTE
ISSUE:	DIVORCE ABSOLUTE
ISSUE:	DIVORCE ABSOLUTE
ISSUE:	DIVORCE ABSOLUTE
ISSUE:	DIVORCE ABSOLUTE
ISSUE:	DIVORCE ABSOLUTE
ISSUE:	DIVORCE ABSOLUTE
ISSUE:	DIVORCE ABSOLUTE
ISSUE:	DIVORCE ABSOLUTE
ISSUE:	DIVORCE ABSOLUTE
ISSUE:	DIVORCE ABSOLUTE
ISSUE:	DIVORCE ABSOLUTE
ISSUE:	DIVORCE ABSOLUTE
ISSUE:	DIVORCE ABSOLUTE
ISSUE:	DIVORCE ABSOLUTE
DOCUMENT TRACKING
DOCKET DATE:	01/20/1983 DOCKET NUMBER: 1
DOCKET DESCRIPTION:	
DOCKET TYPE:	DOCKET FILED BY: PLAINTIFF
DOCKET TEXT:	BILL OF COMPLAINT
DOCKET DATE:	01/31/1983 DOCKET NUMBER: 4
DOCKET DESCRIPTION:	
DOCKET TYPE:	DOCKET FILED BY: DEFENSE
DOCKET TEXT:	ANSWER
DOCKET DATE:	01/31/1983 DOCKET NUMBER: 5
DOCKET DESCRIPTION:	
DOCKET TYPE:	DOCKET FILED BY: JOINTLY
DOCKET TEXT:	REQUEST FOR HEARING BEFORE THE MASTER
DOCKET DATE:	04/29/1983 DOCKET NUMBER: 6
DOCKET DESCRIPTION:	
DOCKET TYPE:	DOCKET FILED BY: JOINTLY
DOCKET TEXT:	WAIVER
DOCKET DATE:	04/29/1983 DOCKET NUMBER: 8
DOCKET DESCRIPTION:	
DOCKET TYPE:	DOCKET
RULING JUDGE:	CAHOON, DAVID L
DOCKET TEXT:	JUDGMENT OF ABSOLUTE DIVORCE
DOCKET DATE:	10/21/1983 DOCKET NUMBER: 3
DOCKET DESCRIPTION:	
DOCKET TYPE:	DOCKET
DOCKET TEXT:	SUMMONS ISSUED PURSUANT TO RULE 107
THE COMPLETE CASE FILE CAN BE OBTAINED FROM THE CIRCUIT COURTHOUSE.",0,3852
